area_type,availability,location,size,society,total_sqft,bath,balcony,price
3.0,50,95,5,404,121,1,2,17.0
2.0,50,30,20,57,432,8,2,81.0
2.0,12,185,10,441,300,4,2,52.0
3.0,50,269,7,589,176,2,1,27.0
3.0,50,274,5,26,82,1,1,17.0
2.0,50,18,10,57,603,2,1,108.0
0.0,50,464,10,57,539,3,1,101.0
0.0,50,56,5,145,653,1,0,116.0
3.0,50,439,7,500,278,2,1,48.0
0.0,50,324,7,57,432,3,1,81.0
3.0,50,185,7,253,231,2,2,40.0
2.0,50,399,10,243,253,2,2,47.0
3.0,50,441,9,359,495,5,2,90.0
3.0,50,185,5,154,47,1,1,8.0
0.0,50,249,7,57,235,2,1,44.0
2.0,50,338,20,57,479,9,2,93.0
3.0,50,298,0,588,572,0,1,97.0
3.0,50,273,5,57,90,1,2,18.0
3.0,50,59,5,57,651,1,0,117.0
2.0,50,179,8,57,480,3,3,88.0
0.0,14,149,5,57,80,1,1,16.0
0.0,17,193,7,245,324,2,1,58.0
2.0,50,264,1,57,538,1,0,98.0
3.0,50,81,7,127,251,1,3,45.0
3.0,50,177,7,516,356,2,2,59.0
3.0,50,371,7,224,420,2,2,76.0
0.0,50,53,7,217,317,2,1,55.0
3.0,17,149,7,57,220,2,2,41.0
0.0,50,476,5,57,105,1,1,23.0
3.0,50,127,7,503,377,2,2,63.0
1.0,50,210,5,49,72,1,1,15.0
3.0,50,400,5,92,226,1,2,43.0
2.0,50,245,1,57,116,1,0,22.0
0.0,50,213,9,548,494,3,2,84.0
0.0,14,149,5,57,14,1,1,4.0
2.0,50,307,6,57,196,1,0,38.0
2.0,50,476,12,57,578,3,1,109.0
3.0,50,476,5,296,39,1,1,8.0
2.0,50,15,6,57,105,1,1,19.0
3.0,25,187,5,81,154,1,2,29.0
2.0,50,190,12,57,105,3,1,21.0
3.0,50,185,7,57,428,2,3,79.0
3.0,50,400,7,209,314,2,0,58.0
3.0,50,198,5,295,12,1,2,0.0
3.0,50,153,7,40,334,2,3,62.0
3.0,50,469,5,346,221,1,2,39.0
3.0,50,225,5,57,25,1,1,6.0
3.0,50,101,5,57,15,0,2,3.0
0.0,50,341,5,57,623,1,3,114.0
0.0,33,476,10,57,518,3,1,98.0
3.0,14,476,7,360,407,3,2,74.0
3.0,50,439,7,500,319,2,3,55.0
3.0,50,102,5,532,98,1,1,11.0
2.0,5,185,8,57,593,2,1,108.0
3.0,50,426,5,342,641,1,2,114.0
3.0,20,92,5,427,650,1,1,112.0
2.0,50,276,12,57,432,3,2,81.0
2.0,25,448,10,57,105,3,2,24.0
3.0,50,250,7,367,360,2,2,63.0
3.0,47,187,5,156,135,1,2,24.0
3.0,50,30,7,101,374,3,3,67.0
3.0,50,81,5,57,129,1,2,23.0
3.0,50,37,5,57,73,1,1,13.0
3.0,50,191,7,57,272,2,2,51.0
2.0,50,41,12,57,570,2,2,103.0
0.0,50,81,5,57,21,1,2,4.0
3.0,25,187,5,81,27,1,2,6.0
3.0,50,89,7,468,440,4,2,75.0
2.0,50,435,6,57,632,1,0,117.0
3.0,50,182,5,464,137,1,1,20.0
0.0,50,213,7,548,403,2,2,67.0
3.0,25,249,7,157,242,1,1,44.0
3.0,50,454,7,57,409,2,2,78.0
3.0,15,232,5,22,174,1,3,34.0
3.0,50,122,9,123,363,3,3,66.0
3.0,50,118,5,249,46,1,2,6.0
3.0,13,351,5,467,121,1,1,19.0
3.0,50,61,7,57,220,2,2,40.0
2.0,50,303,10,57,432,2,2,81.0
2.0,50,250,8,91,105,2,1,21.0
0.0,50,158,5,561,21,1,1,-2.0
2.0,50,325,6,57,105,1,0,21.0
3.0,50,371,5,57,21,1,2,7.0
3.0,18,92,7,427,159,1,1,24.0
2.0,19,159,8,264,395,1,2,69.0
3.0,36,476,7,501,213,2,2,37.0
3.0,50,468,0,153,649,0,0,118.0
3.0,13,126,7,549,621,1,1,106.0
3.0,50,86,9,336,438,3,3,76.0
0.0,50,164,5,57,152,1,1,28.0
3.0,50,413,5,57,5,1,1,4.0
3.0,50,451,0,57,612,0,1,113.0
0.0,50,95,5,56,49,1,1,9.0
3.0,50,95,5,57,21,1,3,4.0
3.0,50,431,15,57,529,6,1,101.0
0.0,50,75,5,57,119,1,2,22.0
3.0,8,149,0,327,576,0,1,100.0
3.0,14,378,7,57,230,2,2,45.0
3.0,50,177,7,516,320,2,2,53.0
2.0,50,408,10,57,613,2,1,114.0
3.0,14,197,7,370,333,2,1,58.0
0.0,50,247,5,326,627,1,0,110.0
3.0,50,451,7,57,135,1,3,28.0
3.0,50,176,7,280,216,2,2,37.0
3.0,50,370,5,408,0,1,2,-2.0
0.0,50,401,5,57,206,1,1,40.0
3.0,25,476,7,161,408,2,2,76.0
3.0,50,250,7,57,235,2,3,45.0
3.0,50,23,7,57,280,2,1,50.0
3.0,50,88,5,442,204,1,1,32.0
3.0,50,149,5,327,62,1,1,8.0
3.0,14,371,5,471,91,1,2,14.0
2.0,50,219,8,57,105,1,1,21.0
2.0,50,390,6,57,251,1,0,48.0
3.0,50,439,7,500,275,2,1,47.0
3.0,50,451,7,18,189,1,1,38.0
3.0,50,140,7,57,256,1,2,47.0
3.0,14,150,5,44,606,1,2,110.0
2.0,12,435,8,57,105,1,0,23.0
3.0,12,149,5,57,42,1,1,9.0
3.0,50,427,5,57,613,1,1,113.0
2.0,50,148,18,57,655,4,3,120.0
3.0,19,279,5,57,46,1,2,11.0
3.0,50,149,5,122,245,1,3,44.0
3.0,45,479,5,163,136,1,2,27.0
2.0,50,359,10,387,507,1,1,89.0
2.0,50,253,14,57,432,5,3,82.0
0.0,50,203,9,140,522,3,0,95.0
0.0,50,141,5,582,632,1,1,107.0
2.0,50,202,10,57,439,4,2,82.0
3.0,7,107,5,57,5,1,2,2.0
3.0,50,198,7,167,309,2,3,56.0
2.0,50,161,8,57,432,2,0,79.0
3.0,50,57,7,57,393,1,1,71.0
3.0,50,386,7,281,261,2,2,47.0
3.0,50,86,9,336,438,3,3,76.0
2.0,50,146,8,57,548,3,1,100.0
2.0,50,201,12,57,105,4,3,22.0
3.0,13,476,5,426,100,1,2,17.0
3.0,50,54,5,290,21,1,2,1.0
0.0,50,149,5,57,562,0,1,101.0
0.0,50,129,0,86,558,0,1,99.0
2.0,50,383,12,57,105,3,3,23.0
3.0,50,178,5,334,158,1,1,26.0
0.0,50,105,7,402,189,2,2,30.0
3.0,50,21,5,57,49,1,1,9.0
2.0,50,187,8,57,251,2,3,47.0
3.0,50,307,7,316,272,2,2,48.0
2.0,50,73,12,57,608,5,3,111.0
0.0,50,439,7,57,276,1,2,53.0
3.0,0,442,7,57,347,2,1,67.0
2.0,49,109,5,324,106,1,1,16.0
3.0,34,250,7,490,286,2,1,48.0
3.0,50,234,5,385,22,1,1,1.0
3.0,14,151,5,57,25,1,1,6.0
3.0,50,90,5,341,622,1,1,108.0
3.0,50,379,7,77,298,2,3,57.0
2.0,50,322,10,57,194,3,2,38.0
3.0,14,476,7,360,424,3,2,77.0
1.0,50,366,5,136,135,1,3,26.0
0.0,50,180,5,130,9,1,1,2.0
2.0,50,220,12,57,123,4,1,25.0
0.0,50,436,7,95,244,2,0,47.0
3.0,50,284,5,132,598,0,0,108.0
2.0,50,152,1,57,105,0,1,19.0
2.0,6,476,10,185,220,3,2,43.0
0.0,50,476,7,311,251,1,1,46.0
0.0,50,282,8,57,0,2,1,3.0
3.0,50,252,7,171,322,2,3,59.0
3.0,50,439,5,57,23,1,2,8.0
2.0,50,435,8,57,105,1,0,23.0
3.0,50,476,5,258,105,1,2,20.0
3.0,50,190,5,542,63,1,1,6.0
3.0,50,346,7,57,279,1,2,53.0
3.0,29,479,7,569,373,2,0,64.0
3.0,50,315,7,29,311,2,2,59.0
3.0,50,248,5,57,0,1,3,2.0
3.0,50,88,5,57,49,1,2,9.0
2.0,50,82,8,578,432,2,2,71.0
3.0,14,400,5,365,190,1,1,33.0
3.0,25,476,0,305,554,0,0,99.0
3.0,50,85,9,98,481,5,2,88.0
3.0,46,125,7,493,379,2,2,63.0
3.0,50,185,7,449,357,2,1,60.0
0.0,50,69,9,57,498,3,0,90.0
3.0,50,211,7,57,361,2,2,67.0
0.0,50,192,12,57,395,3,2,73.0
3.0,19,60,5,540,638,1,1,108.0
3.0,50,269,5,191,593,1,2,106.0
3.0,50,189,7,435,292,2,2,49.0
2.0,19,293,10,57,105,2,1,22.0
2.0,50,476,12,486,527,4,3,94.0
3.0,12,213,7,107,120,1,2,23.0
3.0,50,164,5,113,632,1,1,113.0
3.0,48,212,7,497,354,2,2,59.0
0.0,50,383,10,57,105,1,1,22.0
2.0,50,461,6,57,37,1,0,11.0
3.0,50,273,5,57,90,1,2,18.0
3.0,50,328,7,111,264,1,2,49.0
2.0,50,470,10,57,396,2,0,76.0
3.0,50,149,7,70,318,2,2,58.0
3.0,50,276,5,31,632,1,2,116.0
3.0,50,72,5,57,582,0,2,104.0
3.0,50,376,5,165,109,1,2,21.0
3.0,20,68,7,337,168,1,1,27.0
3.0,50,351,7,444,435,2,2,76.0
3.0,25,187,7,81,323,2,2,60.0
2.0,50,27,10,57,105,3,1,20.0
3.0,14,376,0,347,581,0,0,103.0
3.0,22,255,5,57,56,1,2,12.0
2.0,50,301,10,57,525,3,2,98.0
3.0,50,307,7,573,456,2,1,77.0
0.0,50,401,7,57,273,2,2,53.0
0.0,50,472,5,309,21,1,0,4.0
2.0,50,368,16,57,432,7,1,83.0
3.0,23,170,0,418,557,0,0,95.0
3.0,50,137,5,241,72,1,2,11.0
3.0,50,113,7,176,271,2,1,48.0
3.0,50,38,5,315,645,1,1,112.0
2.0,50,303,10,57,430,2,2,80.0
2.0,50,149,6,57,404,1,2,73.0
0.0,50,186,1,57,570,0,0,103.0
0.0,50,177,12,475,519,4,3,90.0
3.0,50,49,7,374,386,1,1,65.0
3.0,20,176,9,421,500,5,1,88.0
3.0,19,149,5,327,53,1,1,7.0
3.0,50,303,5,206,660,0,2,118.0
3.0,50,164,7,204,251,2,2,45.0
3.0,50,376,5,165,97,1,2,19.0
3.0,36,454,7,270,268,2,2,49.0
3.0,50,451,7,57,247,1,2,48.0
3.0,50,421,5,484,143,1,1,23.0
2.0,50,463,12,57,432,4,1,83.0
3.0,50,30,7,101,223,1,2,39.0
3.0,13,7,5,57,37,1,2,7.0
3.0,50,117,7,115,194,1,2,35.0
0.0,50,82,5,214,164,1,1,28.0
3.0,50,400,7,93,349,1,3,65.0
3.0,15,451,5,109,30,1,1,9.0
3.0,50,21,7,57,90,1,2,16.0
0.0,50,341,5,303,105,1,3,18.0
2.0,50,446,10,57,613,2,2,114.0
3.0,50,47,7,57,352,1,3,63.0
3.0,12,149,7,327,295,2,2,51.0
0.0,50,30,7,101,305,2,2,54.0
3.0,18,273,7,226,418,4,1,76.0
3.0,50,135,7,57,394,2,2,72.0
3.0,50,237,5,57,72,1,1,15.0
2.0,25,252,10,57,537,3,2,99.0
3.0,50,61,7,57,293,1,2,53.0
0.0,50,395,5,423,80,1,2,13.0
3.0,12,51,5,57,72,1,2,13.0
3.0,50,68,7,337,139,1,1,21.0
3.0,50,476,7,547,470,2,3,82.0
3.0,50,402,5,57,101,1,1,21.0
3.0,48,212,7,497,354,2,2,59.0
3.0,50,484,7,183,450,2,2,83.0
3.0,50,108,7,7,266,1,2,49.0
3.0,50,284,5,576,163,1,1,24.0
3.0,50,187,5,208,138,1,1,24.0
3.0,40,476,7,539,250,2,0,43.0
3.0,25,208,7,57,334,2,2,62.0
3.0,40,439,5,54,95,1,1,21.0
3.0,19,375,7,57,220,1,1,43.0
3.0,50,302,7,57,387,2,3,72.0
0.0,50,439,7,500,309,2,2,53.0
3.0,50,376,7,593,217,2,2,35.0
2.0,50,105,10,57,225,2,1,42.0
3.0,50,250,7,57,267,2,1,50.0
3.0,50,350,9,403,463,3,1,82.0
0.0,50,303,18,57,589,7,0,111.0
3.0,50,178,7,207,431,2,2,77.0
2.0,50,226,14,57,0,5,3,4.0
3.0,17,382,5,587,125,1,1,18.0
3.0,23,105,5,545,8,1,2,-5.0
3.0,50,192,5,57,656,1,2,119.0
3.0,17,351,5,467,121,1,1,19.0
2.0,20,435,8,57,105,1,0,23.0
3.0,50,225,5,433,77,1,1,10.0
3.0,50,236,7,76,327,1,2,60.0
3.0,50,262,5,57,600,1,1,109.0
0.0,50,256,0,57,600,0,2,109.0
0.0,50,370,7,181,342,2,1,63.0
3.0,50,282,7,405,194,1,1,32.0
3.0,50,81,5,128,654,1,2,116.0
3.0,50,185,7,154,253,2,2,46.0
3.0,50,407,5,452,187,1,2,31.0
2.0,50,415,1,57,524,0,0,96.0
3.0,50,299,7,0,415,2,1,78.0
3.0,50,250,7,189,236,2,3,43.0
3.0,50,376,7,165,280,1,1,52.0
3.0,50,22,9,572,506,4,1,85.0
0.0,50,476,5,307,168,1,1,31.0
3.0,50,351,5,63,112,1,1,23.0
0.0,14,149,5,57,42,1,1,9.0
2.0,50,422,14,57,349,4,2,68.0
3.0,50,321,5,447,93,1,1,14.0
3.0,50,149,7,187,51,1,2,8.0
0.0,50,328,10,57,467,3,1,87.0
3.0,25,0,2,407,505,0,0,85.0
3.0,50,63,7,216,471,2,1,83.0
2.0,50,25,10,57,570,3,0,103.0
3.0,50,351,9,64,521,5,1,98.0
3.0,50,484,7,183,451,2,2,84.0
2.0,50,153,10,57,432,3,0,79.0
3.0,50,60,5,393,166,1,1,25.0
3.0,50,150,5,401,0,1,2,-4.0
3.0,50,182,5,417,21,1,1,0.0
3.0,25,21,9,368,446,3,1,77.0
3.0,50,21,5,57,18,1,1,3.0
3.0,50,356,5,60,35,1,2,9.0
3.0,20,151,5,473,105,1,2,14.0
0.0,14,150,5,534,42,1,1,2.0
3.0,50,476,5,430,94,1,2,16.0
3.0,40,439,7,54,193,2,3,39.0
0.0,50,444,10,396,395,3,2,71.0
2.0,50,193,20,57,531,8,3,100.0
3.0,50,178,7,66,513,4,2,94.0
0.0,50,66,10,53,164,2,1,30.0
0.0,50,131,8,57,434,2,3,79.0
3.0,50,307,5,58,123,1,2,24.0
3.0,17,86,9,407,406,3,3,70.0
3.0,50,289,7,57,288,2,1,54.0
3.0,50,2,0,19,600,0,1,107.0
3.0,50,476,5,234,121,1,2,23.0
0.0,12,136,1,57,569,0,0,102.0
2.0,50,491,8,57,519,2,1,98.0
3.0,50,437,7,57,194,1,1,39.0
3.0,50,443,5,312,14,1,1,3.0
3.0,50,219,5,99,638,1,1,115.0
3.0,50,337,5,570,66,1,2,7.0
2.0,50,405,1,57,105,0,1,21.0
3.0,50,476,5,583,194,1,2,31.0
0.0,50,426,7,285,334,2,2,61.0
3.0,50,149,0,162,579,0,1,102.0
3.0,12,146,5,74,63,1,1,12.0
3.0,50,400,7,366,392,3,1,70.0
3.0,50,164,5,215,83,1,3,14.0
3.0,50,255,7,57,215,1,3,41.0
3.0,50,334,0,57,530,0,1,97.0
3.0,50,106,5,57,625,1,1,112.0
3.0,21,262,0,566,558,0,1,94.0
3.0,50,399,5,502,649,1,2,113.0
3.0,21,166,5,57,91,1,1,18.0
2.0,50,391,8,57,493,2,1,92.0
3.0,50,479,7,274,315,2,2,58.0
3.0,50,272,9,495,503,3,2,87.0
3.0,50,439,5,414,66,1,1,10.0
3.0,50,426,7,262,139,1,1,26.0
0.0,50,356,5,57,593,1,0,109.0
3.0,50,30,7,134,246,2,2,43.0
3.0,20,371,0,39,585,0,0,107.0
0.0,50,278,5,57,42,1,3,10.0
1.0,36,250,7,406,658,2,0,115.0
3.0,0,218,7,267,417,3,1,75.0
3.0,50,400,7,9,318,2,2,61.0
2.0,50,176,10,57,105,3,1,21.0
3.0,50,176,7,280,239,2,3,42.0
3.0,13,185,7,363,351,2,2,61.0
3.0,50,164,5,57,123,1,2,23.0
0.0,13,79,7,314,402,2,2,70.0
0.0,50,81,7,127,251,1,2,44.0
3.0,50,439,5,57,49,1,2,12.0
3.0,50,371,7,511,264,1,2,44.0
0.0,50,400,7,57,636,1,0,117.0
3.0,50,476,7,57,210,2,1,42.0
0.0,50,438,8,57,408,3,1,78.0
3.0,50,82,5,301,171,1,1,28.0
3.0,50,149,5,149,31,1,1,5.0
2.0,15,400,10,57,459,3,2,87.0
3.0,50,76,5,57,72,1,2,13.0
0.0,50,366,11,136,515,4,1,96.0
3.0,50,443,0,312,590,0,1,105.0
3.0,50,150,7,73,181,2,1,34.0
0.0,25,188,7,57,268,2,2,50.0
3.0,50,396,7,57,251,2,1,49.0
3.0,50,180,7,499,316,2,2,52.0
2.0,50,275,14,57,0,4,1,4.0
3.0,50,439,7,57,469,2,3,88.0
0.0,50,434,1,57,546,0,0,101.0
3.0,17,86,9,407,414,3,2,71.0
2.0,50,192,10,57,491,3,1,90.0
3.0,36,351,5,467,86,1,0,13.0
3.0,10,61,7,57,115,1,2,21.0
3.0,50,128,0,21,566,0,2,102.0
3.0,50,118,5,233,134,1,2,22.0
0.0,50,368,5,57,0,1,2,3.0
3.0,25,89,9,468,466,1,1,79.0
3.0,10,400,7,365,384,3,1,69.0
3.0,50,96,5,340,76,1,2,10.0
0.0,50,456,0,57,587,0,1,108.0
3.0,50,33,7,412,325,2,1,54.0
3.0,50,138,7,57,68,1,1,13.0
3.0,50,376,5,165,167,1,2,31.0
3.0,40,178,7,390,299,2,2,51.0
3.0,50,292,9,496,419,3,2,72.0
3.0,50,151,7,57,74,2,1,15.0
0.0,50,493,7,57,256,1,2,50.0
3.0,50,369,9,57,474,3,0,89.0
3.0,50,207,5,57,37,1,0,8.0
2.0,50,476,12,322,417,4,0,77.0
3.0,50,376,7,165,290,2,3,54.0
0.0,50,178,5,57,30,1,1,7.0
2.0,50,18,10,57,105,3,1,20.0
3.0,50,276,7,155,404,2,2,74.0
3.0,50,212,7,57,321,2,1,60.0
3.0,50,187,7,208,340,2,3,61.0
3.0,50,469,7,346,300,2,2,54.0
3.0,50,266,5,57,531,1,1,97.0
3.0,50,32,5,57,5,1,1,1.0
3.0,50,260,5,32,68,1,2,15.0
3.0,50,144,7,574,400,3,1,66.0
2.0,50,487,14,57,570,2,3,107.0
3.0,50,423,9,57,515,3,3,97.0
3.0,50,376,5,165,159,1,2,30.0
0.0,50,257,19,57,531,7,1,100.0
2.0,50,476,10,460,461,2,2,82.0
3.0,12,149,5,327,62,1,1,9.0
3.0,50,403,9,356,564,5,3,102.0
3.0,25,187,7,57,194,2,2,37.0
2.0,50,198,20,57,105,8,1,24.0
3.0,50,127,7,503,377,2,2,63.0
3.0,50,141,5,349,94,1,2,14.0
3.0,50,203,7,140,462,3,1,84.0
3.0,50,140,5,57,99,1,1,19.0
3.0,50,83,9,57,504,3,3,92.0
2.0,50,404,1,57,632,0,1,116.0
0.0,50,450,5,57,632,1,0,117.0
2.0,50,1,12,57,388,5,1,71.0
2.0,50,135,10,144,531,4,1,96.0
0.0,50,451,5,152,629,1,2,115.0
0.0,50,326,5,57,72,1,2,16.0
3.0,33,178,7,422,456,2,2,79.0
0.0,50,262,0,57,532,0,0,96.0
3.0,50,363,5,318,99,1,2,17.0
3.0,50,210,7,228,246,1,2,43.0
0.0,50,295,5,57,72,1,2,15.0
3.0,14,291,7,57,443,2,2,82.0
3.0,50,9,5,57,105,1,1,18.0
3.0,22,460,5,57,46,1,2,12.0
3.0,50,232,5,22,174,1,1,33.0
3.0,50,333,5,57,94,1,1,19.0
2.0,50,451,16,57,334,6,0,66.0
3.0,27,169,5,57,167,1,1,31.0
3.0,50,198,7,295,120,1,1,20.0
2.0,50,87,12,57,223,3,1,42.0
3.0,50,59,5,143,628,2,0,112.0
3.0,50,477,7,438,413,2,1,73.0
3.0,50,218,5,369,105,1,2,16.0
3.0,25,21,7,368,390,2,0,66.0
3.0,17,203,7,103,383,2,2,70.0
3.0,50,64,5,57,102,1,2,18.0
0.0,50,45,5,266,132,1,2,21.0
3.0,13,65,5,505,2,1,1,-5.0
3.0,19,380,7,57,223,1,2,43.0
3.0,50,105,5,57,649,1,0,117.0
3.0,50,400,5,14,21,1,2,8.0
3.0,50,210,7,57,243,1,2,45.0
3.0,50,486,7,57,225,1,2,45.0
3.0,50,451,7,46,148,1,2,31.0
0.0,50,320,5,17,105,1,1,22.0
0.0,50,246,18,57,563,5,1,105.0
3.0,50,441,5,359,132,1,3,23.0
3.0,50,187,5,257,64,1,1,10.0
3.0,14,254,7,57,300,2,3,57.0
3.0,50,247,7,376,105,2,1,17.0
2.0,50,368,8,57,632,1,1,116.0
3.0,50,451,5,57,663,1,1,122.0
3.0,15,360,0,57,586,1,1,108.0
3.0,50,349,5,57,50,1,2,12.0
3.0,50,263,5,256,610,1,1,108.0
2.0,50,323,12,57,105,2,2,22.0
3.0,50,463,5,57,105,1,1,23.0
3.0,50,225,5,230,58,1,1,10.0
3.0,22,454,5,489,112,1,1,18.0
3.0,20,150,9,419,410,3,2,71.0
2.0,50,429,10,57,235,3,2,47.0
3.0,17,150,5,534,0,1,1,-5.0
0.0,50,476,5,57,102,1,1,22.0
3.0,50,151,0,470,592,0,1,100.0
3.0,50,178,5,247,224,1,1,39.0
3.0,50,151,7,57,276,1,1,51.0
3.0,50,428,9,389,417,2,3,74.0
3.0,50,186,5,57,105,1,1,20.0
3.0,50,284,5,132,20,1,1,5.0
3.0,50,56,7,57,208,1,2,38.0
2.0,50,297,6,57,661,0,1,120.0
0.0,50,63,9,216,432,3,2,76.0
3.0,50,68,7,337,139,1,1,21.0
3.0,50,410,5,57,37,1,2,10.0
0.0,50,352,7,57,105,2,2,22.0
3.0,9,112,7,57,192,1,1,36.0
0.0,12,476,5,57,90,1,1,20.0
3.0,50,105,5,317,616,1,2,107.0
3.0,36,212,5,34,132,1,1,26.0
0.0,50,401,10,57,417,3,3,79.0
2.0,50,448,14,57,105,4,2,24.0
3.0,50,379,5,77,205,2,2,40.0
1.0,50,439,5,384,234,1,2,41.0
3.0,20,283,7,57,198,2,1,38.0
3.0,50,321,5,57,129,1,3,26.0
3.0,20,129,7,86,155,1,1,29.0
3.0,30,185,5,363,124,1,1,19.0
3.0,50,299,5,291,114,1,1,20.0
3.0,25,105,7,538,121,2,1,16.0
0.0,50,178,5,37,31,1,2,7.0
0.0,50,372,7,57,389,2,2,73.0
3.0,50,400,7,365,321,2,1,57.0
0.0,50,215,0,353,541,0,1,94.0
0.0,11,439,5,57,149,1,2,31.0
0.0,20,376,5,347,88,1,1,15.0
3.0,50,297,5,57,105,1,0,21.0
2.0,50,103,20,57,300,8,3,58.0
3.0,50,124,9,57,559,3,3,102.0
2.0,50,351,20,57,600,8,3,114.0
3.0,50,193,5,425,14,1,1,-1.0
3.0,14,178,7,422,448,2,2,77.0
3.0,47,187,7,156,362,2,2,65.0
3.0,50,213,5,219,635,1,2,113.0
2.0,50,198,12,57,251,4,3,48.0
3.0,14,178,7,82,514,4,2,94.0
3.0,50,90,5,341,622,1,1,108.0
3.0,50,66,7,564,228,1,1,34.0
3.0,50,197,9,439,473,3,2,82.0
3.0,50,40,5,57,597,0,2,106.0
2.0,50,278,10,57,105,4,1,22.0
3.0,50,195,19,57,487,8,1,92.0
3.0,50,225,5,179,649,1,1,116.0
3.0,50,439,5,57,48,1,2,12.0
2.0,50,181,8,57,593,1,2,108.0
3.0,50,96,5,340,76,1,2,10.0
3.0,21,488,5,57,164,1,1,34.0
3.0,50,447,5,25,87,1,2,20.0
3.0,50,11,5,57,22,1,1,4.0
3.0,50,177,5,350,102,1,1,15.0
0.0,50,68,5,125,145,1,2,25.0
3.0,50,462,19,57,251,6,1,52.0
2.0,50,79,10,57,105,2,1,20.0
3.0,50,234,5,57,84,1,2,17.0
3.0,50,310,7,57,232,1,2,44.0
2.0,13,492,8,57,251,2,1,50.0
2.0,50,348,8,57,288,2,0,55.0
3.0,50,400,7,232,103,1,2,19.0
3.0,50,210,9,72,499,3,2,92.0
3.0,50,177,5,350,92,1,1,14.0
3.0,50,14,9,57,539,3,3,97.0
3.0,50,469,7,346,300,2,1,54.0
2.0,50,414,16,57,0,6,3,6.0
3.0,50,243,5,126,93,1,2,18.0
3.0,50,451,7,57,189,1,1,38.0
2.0,50,383,14,57,272,4,1,54.0
3.0,50,476,5,430,185,1,2,32.0
0.0,50,219,5,100,646,1,2,117.0
3.0,50,421,0,57,573,0,1,105.0
3.0,50,400,5,57,56,1,2,13.0
0.0,25,149,10,57,484,3,1,89.0
3.0,3,177,9,350,455,3,3,80.0
2.0,50,278,8,57,105,2,1,22.0
3.0,12,176,5,421,121,1,1,18.0
3.0,14,151,5,473,185,1,2,29.0
3.0,19,149,5,327,62,1,1,9.0
3.0,50,469,5,346,221,1,1,39.0
3.0,50,408,7,237,367,1,3,67.0
0.0,50,234,5,57,66,1,2,14.0
0.0,50,314,10,519,523,3,0,91.0
3.0,50,227,5,57,239,1,2,45.0
2.0,19,494,8,57,105,2,0,24.0
3.0,50,137,7,57,328,2,2,60.0
0.0,50,318,7,218,288,1,1,52.0
0.0,14,476,5,57,134,1,1,28.0
0.0,50,105,7,482,177,1,2,27.0
3.0,50,469,7,346,300,1,1,54.0
3.0,50,393,7,57,49,1,2,12.0
0.0,30,361,5,57,112,1,1,23.0
3.0,50,176,5,57,105,1,2,20.0
3.0,50,250,7,57,236,2,3,45.0
0.0,50,139,7,203,241,1,3,42.0
3.0,50,439,5,57,48,1,1,12.0
3.0,50,382,7,102,380,2,2,71.0
1.0,50,76,9,65,395,3,1,72.0
3.0,50,104,0,57,562,0,1,100.0
3.0,50,367,5,550,220,1,1,36.0
3.0,12,150,7,534,119,1,1,16.0
2.0,50,276,6,57,194,1,0,37.0
3.0,50,303,7,138,281,2,2,52.0
3.0,50,365,5,526,59,1,3,7.0
2.0,50,339,6,57,395,1,0,73.0
3.0,50,176,5,386,131,1,2,20.0
3.0,50,479,5,558,42,1,2,5.0
3.0,50,360,5,451,66,1,1,9.0
3.0,50,273,7,57,306,1,2,57.0
2.0,50,261,6,57,619,2,2,113.0
3.0,50,172,5,525,298,1,0,48.0
3.0,21,400,5,42,659,1,1,122.0
3.0,50,382,5,434,165,1,2,27.0
2.0,50,400,10,57,432,3,3,82.0
3.0,50,21,0,69,600,0,1,106.0
0.0,50,59,7,88,164,2,2,30.0
2.0,50,175,8,57,105,2,2,21.0
2.0,50,77,6,57,251,1,1,45.0
3.0,5,323,7,328,38,1,1,6.0
3.0,36,149,7,212,348,2,2,62.0
3.0,50,133,7,78,210,2,2,39.0
0.0,50,354,5,57,72,1,2,16.0
3.0,50,30,7,101,223,1,2,39.0
3.0,50,351,5,63,113,1,1,23.0
3.0,50,76,5,57,653,1,2,117.0
3.0,12,476,7,360,429,3,2,78.0
0.0,50,170,8,57,395,3,2,73.0
3.0,50,198,5,399,89,1,2,13.0
3.0,50,461,0,260,599,0,1,107.0
0.0,50,151,5,141,214,1,2,38.0
3.0,50,225,5,230,46,1,1,8.0
3.0,25,73,7,57,375,2,1,68.0
3.0,20,400,5,413,170,1,1,29.0
3.0,50,61,5,120,90,1,2,15.0
0.0,50,94,6,57,49,1,0,9.0
2.0,50,239,14,57,405,4,1,76.0
2.0,50,12,6,57,260,1,0,46.0
0.0,25,451,7,57,334,2,2,64.0
2.0,50,383,14,57,105,4,2,24.0
3.0,50,439,7,500,317,2,2,55.0
3.0,50,88,7,57,292,1,2,53.0
2.0,50,241,12,57,570,4,0,105.0
3.0,50,362,7,410,226,1,1,39.0
0.0,50,357,5,57,1,1,2,3.0
3.0,50,280,5,456,275,1,1,46.0
3.0,50,212,5,61,123,1,1,24.0
0.0,50,7,0,304,611,0,1,105.0
0.0,50,23,13,57,549,5,2,100.0
0.0,50,95,7,457,297,2,2,49.0
0.0,50,18,5,381,613,1,2,105.0
2.0,19,313,12,57,613,4,1,114.0
2.0,27,40,6,57,105,0,1,19.0
2.0,50,450,8,57,531,1,1,99.0
3.0,29,178,9,390,472,4,3,83.0
2.0,50,73,10,57,487,3,0,89.0
3.0,50,250,5,173,94,1,2,17.0
3.0,50,307,7,57,264,2,2,50.0
3.0,12,400,7,47,488,3,1,92.0
0.0,50,122,5,57,608,1,0,110.0
0.0,14,93,5,57,85,1,1,16.0
3.0,50,149,7,149,251,1,1,45.0
3.0,50,303,7,459,441,3,3,77.0
3.0,18,102,5,57,121,1,2,23.0
0.0,50,358,9,57,544,1,1,101.0
2.0,50,306,16,57,105,6,2,24.0
2.0,50,383,6,57,613,1,0,113.0
0.0,50,121,7,57,271,2,3,50.0
3.0,50,120,5,57,153,1,1,28.0
3.0,50,176,5,276,142,1,2,24.0
2.0,25,78,10,57,551,4,3,101.0
3.0,13,176,5,421,121,1,1,18.0
2.0,50,259,1,57,567,1,0,103.0
3.0,50,190,5,259,45,1,1,7.0
3.0,50,307,5,43,194,1,1,37.0
3.0,50,105,5,57,105,1,2,19.0
3.0,50,27,17,57,549,7,1,101.0
3.0,50,376,5,165,166,1,2,31.0
3.0,50,376,5,165,65,1,2,13.0
3.0,50,451,7,52,330,2,2,63.0
3.0,50,469,5,57,127,1,1,27.0
3.0,50,33,7,57,267,2,2,48.0
3.0,50,371,5,57,21,1,2,7.0
3.0,47,187,5,156,110,1,2,20.0
3.0,50,451,5,476,94,1,1,15.0
0.0,38,400,10,284,478,3,0,87.0
3.0,50,36,5,446,111,1,2,14.0
3.0,50,484,7,183,452,2,2,84.0
3.0,23,185,5,253,212,1,1,37.0
3.0,50,288,7,271,257,2,1,46.0
3.0,40,250,0,57,555,0,1,101.0
2.0,50,81,16,57,0,3,3,2.0
0.0,50,461,5,57,649,1,1,120.0
3.0,50,168,5,57,652,1,1,118.0
0.0,13,150,5,534,63,1,1,6.0
2.0,50,20,10,57,432,4,3,79.0
2.0,50,230,10,57,251,3,0,48.0
3.0,50,82,7,533,270,2,1,43.0
0.0,50,185,7,449,395,2,2,67.0
3.0,14,350,9,190,464,3,3,85.0
0.0,20,177,7,57,384,3,1,71.0
0.0,50,182,5,194,272,1,1,48.0
2.0,50,245,6,57,105,1,1,21.0
3.0,50,133,7,164,238,1,3,42.0
0.0,50,278,12,57,288,4,1,55.0
3.0,50,400,9,240,528,3,3,96.0
3.0,50,371,5,57,21,1,2,7.0
3.0,50,372,7,158,341,2,1,63.0
0.0,14,149,5,57,85,1,1,16.0
0.0,50,271,5,391,153,1,0,25.0
3.0,50,337,7,570,404,4,2,69.0
3.0,50,377,5,57,644,1,2,118.0
3.0,50,328,7,57,135,1,3,27.0
3.0,50,167,7,512,322,2,2,53.0
0.0,50,77,0,57,595,0,1,106.0
3.0,50,229,5,48,20,1,2,5.0
3.0,15,439,9,57,520,3,2,98.0
3.0,36,480,5,105,0,1,1,3.0
3.0,32,439,5,57,29,1,1,9.0
2.0,50,73,1,57,105,1,0,19.0
3.0,50,253,5,57,50,1,1,11.0
3.0,50,127,5,351,135,1,2,21.0
3.0,50,151,0,57,577,0,1,103.0
3.0,50,149,5,149,602,0,1,107.0
3.0,50,177,9,350,454,4,3,80.0
3.0,50,476,5,430,137,1,1,23.0
0.0,50,110,6,57,271,1,0,49.0
3.0,50,184,5,57,26,1,2,6.0
3.0,29,193,7,507,256,2,2,42.0
3.0,25,476,7,57,355,2,1,68.0
2.0,50,219,6,57,105,1,1,20.0
3.0,50,100,7,57,395,1,1,71.0
3.0,50,73,5,57,656,1,1,118.0
3.0,42,448,7,458,233,1,1,40.0
3.0,50,244,5,358,630,1,1,110.0
2.0,50,310,8,236,251,2,2,46.0
3.0,13,382,5,587,116,1,1,17.0
3.0,50,465,9,321,531,5,1,97.0
0.0,50,120,8,57,428,1,1,78.0
3.0,13,105,5,545,660,1,1,112.0
2.0,50,447,6,57,58,1,1,14.0
3.0,40,149,5,212,130,1,2,22.0
2.0,50,76,10,57,436,3,3,80.0
2.0,50,431,8,57,105,1,2,23.0
3.0,47,11,5,57,49,1,1,8.0
3.0,50,476,7,57,323,2,3,62.0
0.0,50,67,12,57,487,4,2,89.0
3.0,50,356,7,57,61,1,2,14.0
3.0,50,379,9,319,511,4,3,92.0
0.0,50,213,9,548,494,3,2,84.0
3.0,50,129,5,57,0,1,1,1.0
3.0,50,134,7,57,318,2,1,58.0
0.0,50,277,10,57,445,4,3,83.0
3.0,41,437,7,491,365,2,1,64.0
0.0,50,212,9,235,316,2,3,56.0
2.0,50,431,1,57,633,0,0,116.0
2.0,50,433,10,57,251,3,3,50.0
0.0,50,250,5,331,129,1,2,21.0
3.0,50,23,7,229,186,1,2,31.0
0.0,50,178,9,388,526,1,1,91.0
0.0,50,280,7,522,266,2,2,44.0
3.0,50,245,5,133,624,1,1,112.0
3.0,50,91,5,197,49,1,2,7.0
3.0,20,92,5,427,11,1,1,-2.0
2.0,50,363,20,57,251,8,2,52.0
3.0,50,135,5,57,49,1,1,10.0
3.0,21,278,5,57,37,1,2,9.0
3.0,50,476,7,552,445,2,1,77.0
3.0,19,446,7,57,300,2,3,58.0
3.0,50,431,5,57,593,1,1,110.0
3.0,19,212,7,221,533,4,1,96.0
2.0,14,34,8,551,480,2,2,80.0
2.0,14,51,8,16,105,2,1,20.0
3.0,50,129,5,75,37,1,1,7.0
3.0,50,236,7,76,327,2,2,61.0
0.0,50,258,5,521,112,1,2,16.0
3.0,50,393,5,57,72,1,1,16.0
3.0,39,437,9,553,560,4,0,98.0
3.0,50,408,7,313,364,3,2,66.0
2.0,50,186,6,57,194,1,0,36.0
2.0,23,476,8,57,105,2,1,24.0
3.0,25,187,9,81,398,3,0,73.0
3.0,50,185,7,265,231,1,1,40.0
3.0,50,30,7,57,312,2,2,56.0
3.0,12,14,5,57,105,1,3,19.0
0.0,50,425,13,57,376,5,0,73.0
3.0,50,214,0,478,594,0,0,101.0
3.0,50,96,5,340,41,1,1,4.0
3.0,19,476,7,68,329,5,3,65.0
3.0,50,445,5,57,34,1,1,10.0
3.0,13,437,7,491,421,2,2,74.0
3.0,14,400,9,209,537,2,2,98.0
0.0,50,250,5,57,184,1,1,35.0
3.0,31,439,9,147,465,3,2,87.0
3.0,50,81,5,127,80,1,2,14.0
2.0,20,454,10,124,288,3,2,56.0
3.0,50,85,7,57,252,1,3,46.0
3.0,43,276,9,146,391,3,3,72.0
2.0,50,105,12,57,105,2,0,20.0
2.0,50,37,6,57,619,1,0,111.0
3.0,50,260,5,32,116,1,2,23.0
2.0,50,39,10,57,105,4,2,20.0
3.0,50,451,7,518,164,1,2,27.0
3.0,50,154,7,481,135,1,1,19.0
3.0,50,330,7,378,358,2,1,63.0
3.0,14,203,7,103,383,2,2,70.0
2.0,50,45,10,23,432,3,1,79.0
0.0,50,452,9,57,515,2,2,97.0
3.0,30,193,7,487,224,1,1,36.0
2.0,50,309,10,57,432,3,1,81.0
3.0,37,62,7,104,359,2,2,64.0
3.0,50,272,9,495,501,4,3,87.0
3.0,50,250,7,57,334,2,1,62.0
3.0,50,253,7,57,280,2,2,53.0
3.0,50,439,0,57,642,1,1,118.0
3.0,50,225,5,182,52,1,1,9.0
3.0,50,21,7,527,180,1,2,26.0
3.0,50,345,5,57,97,1,3,20.0
0.0,50,250,5,293,104,1,3,17.0
3.0,30,439,5,54,95,1,1,21.0
2.0,50,59,16,57,105,5,2,21.0
0.0,50,185,5,231,238,1,2,42.0
3.0,50,141,7,535,366,2,1,60.0
3.0,50,439,9,500,385,2,2,67.0
0.0,50,90,7,341,34,2,2,3.0
3.0,50,276,7,57,427,2,1,79.0
3.0,50,348,5,269,235,2,2,42.0
3.0,50,21,7,69,297,2,3,53.0
3.0,50,51,5,192,583,1,1,103.0
0.0,50,77,5,424,135,1,0,19.0
0.0,50,342,1,57,555,0,1,101.0
3.0,50,235,5,50,649,1,1,118.0
2.0,50,325,14,57,570,2,2,106.0
3.0,50,206,7,57,467,2,3,86.0
3.0,50,441,7,57,289,2,1,56.0
0.0,50,350,5,57,0,1,2,3.0
3.0,25,89,9,468,466,1,1,79.0
2.0,50,435,6,57,632,1,0,117.0
0.0,50,351,7,394,105,1,0,17.0
2.0,50,315,8,57,105,2,1,22.0
3.0,17,86,9,407,406,4,2,70.0
3.0,50,96,7,340,355,2,2,61.0
3.0,50,198,5,575,118,1,2,15.0
0.0,14,93,5,57,66,1,1,13.0
3.0,50,185,7,112,200,1,1,36.0
3.0,50,209,5,2,19,1,2,6.0
2.0,16,119,10,57,0,2,3,2.0
0.0,50,268,9,131,483,2,3,88.0
2.0,50,185,8,57,425,1,0,78.0
3.0,50,66,7,57,175,1,2,32.0
3.0,17,376,5,347,207,1,1,36.0
3.0,25,476,7,305,275,2,1,50.0
0.0,50,457,7,96,285,2,0,55.0
3.0,50,228,5,184,618,1,1,111.0
0.0,50,168,5,57,0,1,2,1.0
3.0,27,281,7,560,301,2,2,50.0
3.0,50,341,5,57,114,1,3,23.0
3.0,50,303,7,251,432,2,2,78.0
3.0,50,148,7,299,194,1,1,32.0
0.0,50,160,10,57,412,3,1,76.0
0.0,50,170,12,57,432,4,0,80.0
3.0,50,394,5,24,128,1,2,27.0
0.0,50,393,7,180,251,2,2,47.0
2.0,50,24,16,57,300,4,0,55.0
0.0,50,35,8,57,417,2,2,75.0
0.0,50,399,8,343,490,2,0,88.0
3.0,50,379,7,57,371,2,1,70.0
3.0,50,451,7,415,180,1,2,31.0
0.0,16,361,7,57,307,2,2,59.0
3.0,50,168,7,261,334,2,3,59.0
3.0,50,177,7,350,336,2,2,58.0
3.0,50,59,5,57,135,1,3,24.0
3.0,40,250,7,57,164,2,3,32.0
3.0,14,197,7,370,313,2,1,54.0
3.0,50,213,7,57,433,2,2,80.0
3.0,50,1,13,57,498,5,2,91.0
0.0,50,13,7,57,417,2,2,75.0
3.0,50,129,7,71,112,1,1,21.0
3.0,50,439,9,147,509,3,2,95.0
2.0,50,185,12,57,194,4,3,38.0
3.0,14,350,9,190,468,3,3,86.0
3.0,50,40,0,57,540,1,1,96.0
3.0,50,338,7,57,246,2,2,47.0
2.0,50,364,10,57,570,3,2,106.0
3.0,50,454,5,178,49,1,1,11.0
0.0,50,21,7,225,49,1,1,6.0
3.0,50,40,5,57,574,0,1,102.0
2.0,50,233,10,57,638,1,1,116.0
0.0,50,84,11,57,534,4,3,98.0
3.0,50,124,7,137,426,2,2,76.0
3.0,50,357,5,57,63,1,2,14.0
1.0,50,376,7,6,217,1,2,43.0
3.0,50,404,0,114,568,0,1,103.0
0.0,50,90,7,341,4,2,1,-2.0
3.0,50,253,5,160,178,1,2,32.0
3.0,50,112,0,89,593,0,1,106.0
3.0,50,476,7,409,251,1,3,44.0
3.0,50,184,5,320,43,1,1,5.0
3.0,50,252,5,450,142,1,2,22.0
3.0,19,23,5,57,72,1,2,13.0
2.0,50,305,6,57,0,1,0,2.0
3.0,50,213,5,548,294,1,2,47.0
2.0,50,485,6,57,175,1,0,35.0
0.0,50,451,5,201,2,1,2,2.0
0.0,50,479,7,57,274,2,1,54.0
3.0,50,234,7,462,212,1,1,34.0
3.0,50,476,7,432,308,2,1,54.0
2.0,50,250,8,287,105,2,1,18.0
0.0,50,376,7,246,153,2,2,28.0
2.0,50,344,18,57,432,7,2,83.0
3.0,50,439,5,57,129,1,2,27.0
0.0,50,73,5,175,194,1,3,33.0
0.0,50,153,7,57,473,2,3,86.0
2.0,50,71,10,57,194,3,3,36.0
3.0,50,400,9,9,489,3,2,93.0
0.0,50,56,7,581,251,2,2,38.0
2.0,50,418,6,57,33,1,1,9.0
2.0,50,225,12,57,58,3,1,13.0
3.0,50,96,0,340,588,0,1,101.0
2.0,12,418,3,57,168,9,3,37.0
3.0,50,98,5,565,574,1,1,96.0
3.0,50,95,7,177,240,1,2,42.0
3.0,50,430,5,252,98,1,1,18.0
3.0,13,185,5,363,124,1,1,20.0
0.0,50,23,7,472,148,1,1,21.0
3.0,50,212,5,172,170,1,1,30.0
3.0,20,118,7,139,269,2,2,49.0
3.0,50,324,7,8,297,2,2,57.0
3.0,50,379,9,319,517,3,2,93.0
3.0,50,121,7,57,251,2,1,46.0
0.0,50,162,7,119,148,1,1,27.0
2.0,50,461,14,57,487,5,3,93.0
0.0,50,411,7,590,280,1,3,46.0
3.0,13,192,7,211,249,2,2,45.0
3.0,50,174,5,57,179,1,2,33.0
3.0,50,341,5,453,156,1,3,25.0
0.0,50,127,7,503,318,2,2,52.0
0.0,50,40,5,57,105,1,2,19.0
2.0,50,308,6,57,570,2,1,105.0
3.0,50,461,7,477,248,1,2,43.0
3.0,50,479,5,463,168,1,2,28.0
0.0,50,351,8,151,428,2,2,79.0
0.0,50,276,5,308,31,1,2,4.0
3.0,50,376,5,165,67,1,2,14.0
3.0,50,306,5,35,169,1,2,33.0
2.0,50,61,8,57,432,2,1,78.0
3.0,36,454,7,270,266,2,2,49.0
3.0,50,252,7,55,304,2,1,57.0
3.0,50,96,5,340,65,1,2,8.0
3.0,50,343,0,57,600,0,1,109.0
3.0,15,127,7,205,203,1,1,36.0
3.0,50,149,0,327,576,0,1,100.0
2.0,50,364,6,57,460,1,0,85.0
2.0,50,241,18,57,105,6,1,23.0
3.0,50,250,5,325,593,1,1,104.0
2.0,50,238,16,57,561,6,3,105.0
3.0,50,30,7,101,371,3,3,67.0
2.0,27,40,6,57,105,0,1,19.0
3.0,50,219,5,99,637,1,2,115.0
3.0,50,126,5,549,83,1,1,9.0
3.0,50,381,5,57,46,1,1,11.0
0.0,50,190,5,57,601,1,1,109.0
3.0,50,479,7,275,411,3,2,75.0
2.0,50,312,10,57,105,2,1,22.0
3.0,50,476,5,311,164,1,1,30.0
3.0,50,115,9,345,519,3,0,91.0
0.0,50,164,5,57,632,1,2,114.0
0.0,50,393,5,57,34,1,1,9.0
3.0,50,379,7,77,376,2,3,71.0
0.0,50,106,5,57,288,1,1,52.0
3.0,50,176,5,276,153,1,2,26.0
3.0,14,210,7,469,458,2,2,79.0
3.0,50,307,5,528,72,1,1,9.0
3.0,50,34,7,492,385,3,2,64.0
3.0,50,102,0,555,570,0,1,95.0
2.0,50,232,10,57,383,3,2,71.0
3.0,50,439,7,355,130,1,1,23.0
3.0,13,197,7,370,378,2,1,66.0
3.0,26,76,7,57,300,2,2,55.0
3.0,25,149,0,474,556,0,0,94.0
2.0,50,365,8,338,445,3,2,80.0
2.0,50,28,12,57,220,2,2,40.0
0.0,50,237,7,254,194,1,3,34.0
3.0,50,127,5,546,220,1,2,33.0
3.0,50,387,7,57,251,2,0,49.0
3.0,50,376,7,165,254,2,2,48.0
3.0,50,426,5,57,55,1,2,13.0
3.0,50,81,5,127,81,1,0,14.0
3.0,50,307,7,57,291,2,1,55.0
3.0,50,141,5,349,152,1,1,24.0
3.0,50,66,7,57,292,1,2,53.0
3.0,37,89,5,466,183,1,1,28.0
3.0,50,382,7,400,300,2,3,53.0
0.0,50,340,5,397,152,1,1,25.0
3.0,50,303,5,536,21,1,1,-0.0
3.0,50,165,5,4,172,1,1,33.0
3.0,20,132,5,57,194,1,2,36.0
2.0,50,30,8,57,558,3,1,101.0
0.0,50,444,7,504,141,1,1,23.0
3.0,50,117,7,115,185,1,2,33.0
3.0,20,350,9,190,464,3,1,85.0
3.0,50,292,7,496,255,2,1,42.0
3.0,50,409,7,294,445,2,2,80.0
3.0,31,439,7,147,284,2,3,54.0
2.0,50,198,20,57,105,5,2,23.0
0.0,50,320,7,188,263,2,0,48.0
3.0,50,266,5,108,10,1,1,3.0
0.0,50,3,2,524,536,0,0,88.0
3.0,24,51,5,57,615,1,1,110.0
0.0,50,480,5,202,600,0,2,109.0
1.0,50,6,17,57,510,7,2,94.0
2.0,50,392,8,57,381,3,3,72.0
3.0,50,39,17,57,531,7,3,98.0
3.0,50,207,5,286,58,1,2,9.0
3.0,22,476,5,559,155,1,1,25.0
3.0,50,200,5,57,105,1,2,20.0
2.0,50,383,18,57,105,5,2,24.0
0.0,50,168,6,57,432,1,2,79.0
0.0,6,439,7,500,318,2,2,55.0
3.0,50,22,7,10,288,2,3,53.0
3.0,50,376,5,165,129,1,1,25.0
3.0,50,42,5,454,49,1,2,3.0
3.0,40,250,0,57,555,0,1,101.0
3.0,2,459,5,57,105,1,1,23.0
3.0,50,479,7,223,416,2,2,77.0
3.0,50,389,7,289,227,1,1,41.0
0.0,50,70,8,84,332,2,0,60.0
2.0,21,105,6,57,105,1,1,20.0
3.0,50,426,7,262,139,1,1,26.0
0.0,50,400,0,57,543,0,1,100.0
2.0,50,43,10,57,271,2,1,49.0
3.0,50,149,5,149,25,1,1,4.0
3.0,50,212,7,61,320,2,2,59.0
3.0,50,249,7,57,292,1,3,54.0
3.0,13,176,0,421,565,0,1,97.0
3.0,50,379,5,319,339,2,2,61.0
3.0,50,262,5,57,105,1,1,21.0
3.0,50,242,13,57,105,2,1,22.0
0.0,50,21,5,483,0,1,0,-6.0
3.0,50,232,7,554,199,1,1,31.0
3.0,25,400,5,498,626,1,2,109.0
0.0,50,297,16,57,542,6,0,102.0
3.0,50,479,5,332,147,1,1,27.0
3.0,50,50,5,57,49,1,3,9.0
3.0,50,231,5,57,93,1,2,18.0
3.0,50,118,5,57,85,1,1,16.0
3.0,13,185,7,363,351,2,2,61.0
3.0,50,404,5,272,54,1,0,10.0
3.0,50,81,7,416,292,1,2,48.0
2.0,50,196,6,57,570,1,1,104.0
0.0,14,199,5,57,11,1,1,4.0
3.0,50,292,7,496,310,2,1,52.0
2.0,50,308,6,57,0,0,0,2.0
3.0,50,21,5,67,93,1,1,16.0
0.0,13,93,7,57,220,1,1,40.0
2.0,20,399,10,377,445,4,3,80.0
3.0,14,471,7,57,300,2,2,58.0
3.0,12,129,5,443,3,1,2,-4.0
2.0,50,17,10,57,432,3,0,78.0
3.0,50,439,7,414,196,2,1,34.0
3.0,16,73,7,150,298,2,2,53.0
2.0,50,134,8,57,251,1,1,46.0
3.0,20,408,7,57,159,2,2,33.0
2.0,50,216,18,57,404,6,2,77.0
3.0,50,328,5,579,75,1,0,9.0
3.0,25,41,7,106,237,1,1,42.0
3.0,50,304,5,57,28,1,2,7.0
0.0,50,290,7,300,279,2,0,49.0
3.0,50,90,7,341,94,1,1,13.0
3.0,50,453,7,302,369,2,3,67.0
3.0,17,193,5,245,82,1,1,14.0
3.0,50,426,7,342,151,2,1,27.0
0.0,50,400,5,57,183,1,1,36.0
2.0,50,334,16,57,300,3,0,58.0
3.0,21,400,0,42,607,0,1,112.0
3.0,50,21,7,135,279,1,2,49.0
3.0,50,439,0,57,609,0,2,112.0
3.0,50,273,5,57,105,1,1,21.0
3.0,50,21,7,135,312,2,2,55.0
3.0,50,307,5,591,145,1,3,21.0
3.0,25,249,5,157,7,1,1,2.0
3.0,28,250,5,490,162,1,1,25.0
0.0,14,149,7,57,119,1,1,23.0
0.0,50,204,7,298,205,1,0,35.0
3.0,30,178,9,390,472,3,3,82.0
3.0,50,399,5,90,96,1,1,20.0
1.0,5,52,9,494,485,3,0,82.0
3.0,25,185,7,253,329,2,1,58.0
0.0,50,219,5,99,638,1,2,115.0
3.0,50,365,5,348,195,2,1,34.0
3.0,12,213,5,97,173,1,2,32.0
3.0,50,276,5,199,52,0,1,9.0
2.0,50,215,10,57,432,2,0,80.0
0.0,50,142,10,344,614,5,1,109.0
3.0,50,448,5,448,662,1,1,117.0
3.0,50,169,7,117,223,1,3,40.0
3.0,50,479,5,558,28,1,1,2.0
3.0,20,149,5,327,213,1,1,36.0
3.0,50,300,7,577,353,2,2,59.0
3.0,50,81,7,127,251,1,3,45.0
2.0,50,368,8,57,19,1,1,7.0
3.0,50,303,5,57,0,1,1,2.0
0.0,50,153,7,244,292,2,1,51.0
0.0,14,149,5,57,66,1,1,13.0
3.0,50,298,7,59,259,2,3,49.0
3.0,12,476,5,41,132,1,1,28.0
3.0,50,438,5,57,105,1,1,22.0
3.0,23,185,5,479,100,1,2,14.0
3.0,50,418,5,57,112,1,2,24.0
3.0,50,7,7,335,401,3,1,68.0
0.0,50,212,7,45,251,2,2,47.0
3.0,50,307,5,57,87,1,2,18.0
3.0,50,73,7,129,345,2,3,62.0
3.0,14,476,9,360,475,4,0,86.0
3.0,50,332,7,220,175,1,1,32.0
3.0,31,439,9,147,459,3,1,86.0
3.0,50,335,7,227,423,3,3,77.0
2.0,50,355,16,57,619,4,2,116.0
3.0,50,133,7,164,242,1,3,43.0
3.0,13,105,7,545,97,1,2,12.0
3.0,50,149,7,268,224,1,3,38.0
0.0,50,474,7,57,229,1,2,45.0
3.0,50,417,5,198,105,1,2,20.0
2.0,50,373,8,57,105,3,2,23.0
0.0,50,10,10,57,349,3,0,63.0
2.0,50,368,8,57,105,2,1,22.0
3.0,50,30,7,101,374,3,2,67.0
2.0,50,475,12,57,175,3,1,37.0
3.0,50,324,5,455,50,1,1,6.0
2.0,50,56,12,57,539,2,3,98.0
3.0,50,404,7,57,432,2,3,81.0
3.0,50,178,7,57,349,2,3,64.0
0.0,50,192,5,1,108,1,2,22.0
0.0,50,296,5,79,58,1,1,12.0
2.0,50,12,12,57,105,3,2,20.0
3.0,50,143,9,57,492,4,1,90.0
0.0,50,393,7,383,189,1,3,33.0
3.0,50,464,5,57,634,1,1,117.0
3.0,20,232,5,22,174,1,2,34.0
3.0,50,282,5,51,0,1,2,2.0
2.0,50,286,8,57,288,1,0,54.0
1.0,50,105,5,57,194,1,2,35.0
0.0,50,420,5,428,17,1,2,1.0
3.0,50,90,5,341,622,1,1,108.0
2.0,4,45,10,57,395,3,1,72.0
3.0,50,333,5,57,72,1,2,16.0
3.0,17,379,9,380,437,3,1,78.0
3.0,50,178,7,247,337,1,2,59.0
3.0,50,60,7,116,235,1,2,42.0
3.0,50,451,7,415,132,1,2,23.0
3.0,50,176,7,57,387,2,2,71.0
0.0,50,180,10,510,525,4,2,90.0
3.0,13,176,5,421,121,1,1,18.0
3.0,50,439,5,57,48,1,1,12.0
3.0,14,476,5,360,117,1,1,21.0
0.0,50,21,7,67,235,1,1,42.0
0.0,50,80,7,541,292,1,2,46.0
3.0,50,177,5,350,166,1,1,27.0
3.0,50,232,7,238,280,1,3,50.0
3.0,50,317,13,57,613,5,1,114.0
3.0,50,214,5,478,11,1,1,-2.0
3.0,50,479,9,223,476,3,1,88.0
3.0,50,21,5,523,16,1,2,-4.0
3.0,50,149,5,200,619,1,1,110.0
0.0,50,400,5,57,132,1,3,27.0
3.0,50,244,7,358,38,1,1,5.0
3.0,50,232,7,22,338,2,2,63.0
2.0,33,476,10,283,518,3,2,95.0
3.0,50,172,5,27,24,1,2,6.0
3.0,50,77,0,57,605,0,1,108.0
0.0,50,29,7,11,473,2,3,86.0
3.0,50,476,7,30,368,2,2,71.0
3.0,50,482,7,169,457,2,3,85.0
3.0,18,65,5,505,6,1,1,-5.0
3.0,21,439,9,54,422,1,1,80.0
2.0,50,466,18,57,397,9,3,79.0
3.0,50,466,0,354,575,0,1,102.0
3.0,50,250,7,189,271,2,3,49.0
2.0,50,55,6,57,432,2,2,78.0
2.0,49,193,5,239,571,1,1,101.0
3.0,36,448,5,458,133,1,1,22.0
3.0,50,102,7,362,303,2,2,51.0
3.0,50,490,9,57,456,2,3,86.0
3.0,30,185,7,363,351,3,2,61.0
0.0,50,331,5,57,14,1,2,5.0
2.0,50,465,8,57,570,2,2,107.0
3.0,50,157,5,85,68,1,2,13.0
0.0,50,329,9,592,522,3,3,90.0
3.0,50,287,5,330,617,1,1,109.0
0.0,13,484,7,36,182,1,3,37.0
3.0,50,412,5,148,52,1,2,11.0
3.0,50,250,7,57,208,1,2,39.0
3.0,50,448,7,508,251,2,3,43.0
3.0,50,336,5,57,648,1,1,119.0
3.0,50,158,5,57,155,1,3,29.0
3.0,50,400,5,57,664,1,2,122.0
3.0,50,282,5,568,49,1,1,4.0
3.0,13,105,5,545,657,1,1,112.0
0.0,50,439,5,147,105,1,3,21.0
2.0,50,424,10,57,105,3,1,23.0
3.0,19,25,7,168,331,2,2,58.0
3.0,50,46,7,57,122,2,1,22.0
3.0,50,404,5,277,69,1,3,13.0
3.0,50,398,9,513,496,5,3,88.0
3.0,20,382,5,587,73,1,2,9.0
2.0,50,282,12,57,0,4,3,4.0
3.0,50,454,5,489,108,1,1,17.0
3.0,50,240,5,515,105,1,2,14.0
0.0,20,400,10,87,502,5,0,95.0
3.0,50,284,7,132,323,2,1,60.0
3.0,50,162,7,119,251,1,1,45.0
3.0,50,129,5,75,37,1,0,7.0
2.0,50,388,12,57,580,5,2,109.0
2.0,50,61,10,57,550,4,2,100.0
3.0,20,285,5,57,142,1,1,28.0
3.0,50,252,7,57,313,2,2,59.0
3.0,50,250,7,372,360,2,2,63.0
3.0,50,290,5,57,100,1,2,20.0
0.0,50,225,5,57,604,1,1,110.0
3.0,50,439,7,500,318,2,2,55.0
3.0,50,45,7,514,343,2,2,56.0
3.0,50,270,7,222,420,2,2,76.0
3.0,50,232,5,57,584,0,1,106.0
3.0,50,303,5,310,29,2,3,5.0
3.0,50,212,5,61,155,1,1,29.0
3.0,50,406,5,571,38,1,1,3.0
3.0,50,111,7,213,218,1,1,38.0
3.0,50,400,7,83,372,2,1,70.0
3.0,50,147,0,57,570,0,1,102.0
3.0,50,91,5,361,2,1,1,-3.0
0.0,50,151,5,57,647,1,1,117.0
3.0,44,464,0,440,547,0,0,96.0
3.0,50,40,0,57,570,1,1,102.0
3.0,25,440,7,57,497,2,1,93.0
3.0,50,451,5,18,60,1,1,15.0
2.0,50,25,6,57,105,1,1,19.0
2.0,50,435,8,57,105,2,0,23.0
2.0,50,473,10,57,653,3,0,122.0
3.0,50,385,7,57,194,1,2,38.0
2.0,50,191,3,57,0,9,1,4.0
3.0,50,176,5,276,114,1,2,19.0
0.0,50,224,0,57,21,0,1,5.0
0.0,50,327,9,57,105,1,1,22.0
3.0,50,129,7,57,108,1,1,20.0
0.0,50,79,12,57,318,3,1,59.0
3.0,50,266,5,195,639,1,1,115.0
3.0,19,23,5,57,37,1,1,7.0
2.0,50,1,14,57,251,4,1,46.0
2.0,50,171,16,57,105,3,2,22.0
3.0,50,150,7,73,136,1,1,25.0
3.0,25,89,9,468,466,1,1,79.0
3.0,32,400,7,42,78,1,1,18.0
0.0,50,82,7,20,227,2,2,42.0
3.0,50,150,5,531,18,1,1,-2.0
2.0,50,178,14,57,105,5,2,22.0
3.0,50,190,5,153,72,1,2,13.0
3.0,50,448,7,448,197,2,1,34.0
3.0,20,194,5,488,167,1,3,26.0
0.0,50,422,1,57,486,0,0,90.0
3.0,12,320,5,445,32,1,2,3.0
3.0,50,379,9,319,516,3,3,93.0
3.0,20,418,7,57,201,1,3,40.0
3.0,50,270,5,480,18,1,2,-1.0
0.0,50,461,5,375,596,0,1,106.0
2.0,50,476,8,357,376,2,2,68.0
3.0,50,82,5,255,16,1,1,0.0
3.0,50,376,7,411,334,2,3,59.0
2.0,50,183,1,57,105,0,0,19.0
3.0,50,172,7,279,222,2,2,38.0
0.0,10,192,8,323,432,2,0,76.0
3.0,50,30,7,101,371,3,3,67.0
2.0,50,347,10,57,105,4,1,23.0
0.0,50,393,5,273,0,1,2,0.0
3.0,50,451,5,57,49,1,1,13.0
2.0,50,400,10,437,473,3,3,84.0
0.0,50,329,8,57,349,2,1,66.0
3.0,50,4,7,57,288,1,1,51.0
0.0,50,18,5,242,653,1,2,114.0
3.0,50,177,5,350,102,1,1,15.0
3.0,50,187,7,208,350,2,2,62.0
3.0,16,58,7,57,164,2,2,30.0
3.0,12,151,7,563,383,2,1,63.0
0.0,50,8,7,57,346,2,3,62.0
3.0,42,323,7,352,296,2,1,52.0
0.0,50,251,7,15,316,2,2,60.0
0.0,50,461,8,57,432,2,1,82.0
3.0,50,379,5,319,339,2,2,61.0
0.0,50,173,5,429,49,1,2,5.0
2.0,50,316,14,57,603,5,0,113.0
3.0,50,33,7,412,302,1,1,49.0
3.0,50,451,5,518,660,1,2,116.0
0.0,50,190,5,57,105,1,3,20.0
3.0,50,141,5,520,0,1,2,-5.0
3.0,25,41,5,106,620,0,1,110.0
3.0,50,90,7,341,34,1,1,3.0
2.0,50,41,10,57,570,3,1,103.0
0.0,14,84,7,57,395,2,2,72.0
3.0,50,441,5,359,161,1,2,28.0
3.0,50,307,7,371,324,2,3,57.0
2.0,50,56,10,57,105,4,1,20.0
0.0,50,450,7,5,395,1,1,75.0
3.0,50,48,5,392,123,1,3,17.0
0.0,50,319,5,574,134,2,3,20.0
3.0,50,197,9,439,477,3,2,83.0
3.0,50,478,5,57,220,1,2,43.0
3.0,17,382,5,587,116,1,1,17.0
3.0,50,151,5,420,132,1,1,20.0
2.0,50,178,8,57,399,2,1,73.0
3.0,50,472,7,509,146,1,1,24.0
0.0,50,40,3,57,152,6,1,29.0
3.0,40,149,7,57,251,2,1,47.0
0.0,25,164,10,398,453,1,1,78.0
2.0,50,400,10,288,531,4,2,97.0
2.0,18,476,6,57,105,1,1,23.0
3.0,50,178,9,247,487,3,0,87.0
3.0,18,376,5,347,199,1,1,35.0
2.0,14,73,8,379,251,2,1,42.0
3.0,50,307,9,339,447,4,2,80.0
3.0,50,221,19,57,570,8,1,107.0
3.0,50,192,7,282,258,2,3,45.0
3.0,50,21,5,135,132,1,1,22.0
3.0,50,439,5,263,142,1,2,26.0
3.0,50,303,5,529,632,1,1,109.0
3.0,50,476,5,234,121,1,2,23.0
0.0,50,223,7,57,417,2,2,77.0
0.0,14,199,7,57,175,1,1,33.0
2.0,50,397,10,57,288,4,1,56.0
2.0,50,439,12,57,613,4,3,115.0
2.0,50,15,8,57,202,2,2,37.0
0.0,50,68,7,57,88,1,2,16.0
2.0,50,416,6,57,251,1,0,48.0
2.0,50,205,10,57,0,3,2,3.0
0.0,50,294,8,57,487,1,1,90.0
2.0,5,155,10,57,194,3,2,37.0
2.0,50,156,14,57,318,5,2,60.0
2.0,1,77,10,57,395,3,0,73.0
0.0,50,479,12,57,349,2,2,67.0
0.0,50,185,7,253,155,1,1,26.0
3.0,50,176,5,57,44,1,2,9.0
3.0,50,439,7,355,140,1,1,25.0
3.0,50,439,7,500,370,3,2,65.0
0.0,50,21,7,580,215,1,2,31.0
3.0,50,133,7,78,210,2,3,39.0
3.0,50,404,7,364,349,2,3,62.0
0.0,50,408,8,57,105,2,0,23.0
3.0,50,400,7,142,174,1,2,33.0
2.0,50,475,6,57,580,1,1,108.0
3.0,50,150,5,531,18,1,2,-2.0
3.0,50,139,9,57,512,2,2,93.0
3.0,50,360,5,186,160,1,2,30.0
0.0,50,98,5,565,574,1,1,96.0
3.0,50,163,7,38,320,2,2,59.0
0.0,50,455,5,567,150,1,2,24.0
3.0,20,439,5,57,142,1,1,29.0
2.0,50,400,10,57,489,3,1,92.0
3.0,50,469,5,57,133,1,1,28.0
3.0,50,18,7,333,288,2,3,48.0
3.0,8,82,5,57,49,1,3,10.0
2.0,50,77,12,57,632,2,3,114.0
0.0,50,145,5,57,639,1,1,115.0
2.0,14,202,8,57,105,2,1,21.0
3.0,50,371,5,57,21,1,2,7.0
3.0,50,439,5,57,643,0,2,118.0
3.0,50,393,5,57,49,1,1,12.0
3.0,35,400,0,13,545,0,0,101.0
3.0,50,114,7,28,199,1,2,37.0
2.0,50,164,14,57,105,3,0,21.0
3.0,12,65,5,505,108,1,2,14.0
3.0,50,426,7,262,137,1,1,25.0
0.0,12,96,5,57,28,1,1,6.0
3.0,13,92,5,118,121,1,1,22.0
3.0,50,439,5,414,40,1,1,6.0
2.0,50,217,8,57,640,2,1,117.0
2.0,50,16,8,57,570,2,1,102.0
2.0,50,255,10,57,445,2,2,82.0
2.0,50,256,10,57,105,3,3,22.0
3.0,50,458,5,57,13,1,1,6.0
3.0,50,432,7,33,262,2,2,51.0
0.0,50,135,7,12,287,2,2,53.0
0.0,50,476,5,461,0,1,1,-2.0
3.0,16,408,5,57,57,1,2,14.0
3.0,50,187,5,543,98,1,2,12.0
3.0,17,382,7,587,241,1,2,39.0
3.0,50,235,5,50,649,1,1,118.0
3.0,50,33,7,57,300,2,3,54.0
1.0,50,116,5,57,0,1,2,1.0
3.0,50,80,5,517,220,1,0,33.0
0.0,50,118,7,196,178,1,2,31.0
3.0,50,384,5,544,105,1,0,15.0
0.0,50,73,5,57,189,1,2,34.0
3.0,50,158,7,57,297,2,3,55.0
3.0,50,168,7,57,209,1,2,39.0
3.0,37,62,7,104,359,2,1,64.0
0.0,50,225,7,57,288,1,2,53.0
3.0,50,479,7,382,211,1,2,37.0
3.0,36,250,0,325,555,0,1,97.0
0.0,50,489,19,57,649,8,0,124.0
3.0,14,212,9,221,552,5,1,100.0
2.0,50,19,12,57,228,3,0,42.0
3.0,50,385,7,57,126,2,2,26.0
0.0,50,371,7,278,449,3,2,81.0
3.0,33,360,7,80,123,1,2,25.0
3.0,50,250,5,57,251,1,2,47.0
2.0,50,12,12,57,105,3,1,20.0
2.0,50,308,10,57,251,3,1,48.0
0.0,40,222,0,57,555,0,1,100.0
3.0,50,252,7,170,322,2,1,59.0
2.0,20,400,10,485,349,3,3,61.0
3.0,12,439,7,57,382,3,2,73.0
3.0,50,298,7,588,176,1,1,27.0
2.0,50,374,8,57,482,2,3,90.0
3.0,50,360,5,329,219,1,1,38.0
3.0,50,481,5,193,58,1,1,13.0
2.0,50,26,12,57,432,7,1,80.0
3.0,50,439,0,57,603,0,2,111.0
2.0,50,398,1,57,570,0,0,105.0
2.0,10,5,4,57,432,10,1,81.0
3.0,50,234,5,57,72,1,2,15.0
3.0,50,376,5,165,73,1,2,15.0
3.0,50,178,5,94,90,1,1,17.0
3.0,36,448,7,458,282,2,2,49.0
3.0,50,74,7,57,318,2,2,58.0
3.0,16,263,7,110,70,1,2,14.0
3.0,50,177,7,506,335,2,2,56.0
3.0,50,207,7,286,241,2,3,42.0
3.0,50,190,5,259,71,1,1,11.0
3.0,50,250,7,189,235,2,3,43.0
3.0,50,360,5,57,37,1,2,10.0
2.0,50,95,10,159,251,4,3,46.0
3.0,30,400,7,42,191,2,2,38.0
3.0,17,82,9,292,396,3,1,69.0
3.0,50,202,5,57,31,1,1,7.0
3.0,50,212,7,45,253,2,1,48.0
3.0,50,214,5,478,11,1,1,-2.0
0.0,50,338,7,585,277,2,1,45.0
2.0,5,400,14,57,570,5,1,108.0
0.0,17,476,12,584,480,5,3,85.0
0.0,50,185,8,395,344,2,3,59.0
3.0,50,44,7,121,261,2,2,46.0
0.0,50,151,5,57,649,1,1,117.0
2.0,50,305,12,57,515,4,2,96.0
0.0,28,483,5,57,79,1,1,18.0
3.0,12,307,7,57,212,1,2,41.0
2.0,50,445,10,57,105,3,3,24.0
3.0,50,265,7,57,199,1,2,38.0
0.0,50,136,7,57,300,1,3,55.0
2.0,50,419,8,57,570,2,2,106.0
3.0,50,383,5,436,52,1,1,7.0
3.0,50,139,7,250,218,2,2,38.0
0.0,50,176,7,166,272,2,1,49.0
3.0,50,107,5,562,21,1,1,-3.0
0.0,50,95,5,537,188,1,3,28.0
3.0,50,451,5,297,72,1,0,13.0
3.0,50,40,5,57,631,1,1,113.0
2.0,50,130,10,57,445,3,3,82.0
3.0,50,99,7,586,183,1,2,26.0
0.0,50,281,7,57,194,2,1,37.0
2.0,50,356,12,57,105,4,2,23.0
3.0,50,185,7,449,372,2,1,63.0
2.0,17,476,8,57,105,2,1,24.0
3.0,50,60,5,530,157,1,2,22.0
0.0,50,435,10,57,349,2,1,67.0
3.0,14,350,9,190,508,3,1,93.0
3.0,50,303,7,459,442,2,2,76.0
3.0,50,123,5,3,94,1,1,18.0
3.0,50,311,5,556,220,1,1,35.0
0.0,50,394,9,24,444,3,3,84.0
3.0,50,76,7,57,349,1,1,63.0
3.0,50,449,7,306,107,1,1,20.0
3.0,50,234,5,174,52,1,1,9.0
2.0,50,178,6,57,553,1,0,100.0
3.0,50,258,5,57,104,1,1,21.0
3.0,50,353,7,57,220,1,3,42.0
3.0,20,193,5,431,36,1,1,3.0
3.0,15,23,7,57,148,2,1,27.0
3.0,50,176,5,57,265,1,1,49.0
3.0,50,451,7,415,132,1,2,23.0
0.0,50,267,18,57,515,6,1,97.0
3.0,50,227,7,57,239,2,3,45.0
3.0,50,23,7,229,144,1,3,23.0
0.0,50,234,7,465,220,1,1,36.0
0.0,14,149,5,57,80,1,1,16.0
3.0,50,187,5,57,155,1,2,29.0
0.0,14,149,5,57,80,1,1,16.0
3.0,50,307,7,373,325,2,1,57.0
2.0,50,77,10,57,570,3,1,103.0
3.0,50,284,5,57,283,1,1,53.0
3.0,50,284,5,132,20,1,1,5.0
2.0,50,31,18,57,105,4,2,21.0
3.0,50,476,5,557,49,1,2,6.0
3.0,50,237,7,210,326,2,1,59.0
2.0,13,467,1,57,105,0,1,22.0
2.0,50,369,10,57,591,7,1,111.0
3.0,50,97,9,62,535,3,2,97.0
3.0,50,469,5,346,133,1,1,24.0
3.0,50,164,7,57,304,2,2,56.0
3.0,50,107,5,562,117,1,2,15.0
0.0,15,448,5,448,665,1,1,118.0
0.0,50,21,5,248,72,1,2,10.0
